PhotoID,Species,Area,PctCov,Count
CA2018_110_01,Basketball,0.016,1.86,5
CA2018_110_01,Bryozoa,0.025,2.907,NA
CA2018_110_01,Polymastia invaginata,0.005,0.581,1
CA2018_110_01,Rossella podagrosa,0.476,55.349,NA
CA2018_110_01,Spikey,0.005,0.581,3
CA2018_110_02,Basketball,0.011,1.047,3
CA2018_110_02,Finger,0.022,2.093,4
CA2018_110_02,Polymastia invaginata,0.006,0.571,2
CA2018_110_02,Rossella podagrosa,0.365,34.729,NA
CA2018_110_02,Spikey,0.009,0.856,3
CA2018_110_02,Staghorn,0.043,4.091,2
CA2018_110_03,Basketball,0.015,1.738,2
CA2018_110_03,Fan,0.006,0.695,1
CA2018_110_03,Finger,0.014,1.622,5
CA2018_110_03,Polymastia invaginata,0.008,0.927,1
CA2018_110_03,Rossella podagrosa,0.192,22.248,NA
CA2018_110_03,Spikey,0.008,0.927,2
CA2018_110_04,Fan,0.005,0.768,1
CA2018_110_04,Finger,0.007,1.075,3
CA2018_110_04,Leucascus leptoraphis,0.015,2.304,1
CA2018_110_04,Polymastia invaginata,0.006,0.922,1
CA2018_110_04,Rossella podagrosa,0.129,19.816,NA
CA2018_110_04,Sphaerotylus antarcticus,0.01,1.536,2
CA2018_110_04,Staghorn,0.015,2.304,2
CA2018_110_05,Basketball,0.011,0.737,1
CA2018_110_05,Finger,0.094,6.296,6
CA2018_110_05,Isodictya setifera,0.012,0.804,1
CA2018_110_05,Polymastia invaginata,0.009,0.603,2
CA2018_110_05,Rossella podagrosa,0.667,44.675,NA
CA2018_110_05,Staghorn,0.038,2.545,4
CA2018_110_06,Bryozoa,0.179,12.111,NA
CA2018_110_06,Finger,0.012,0.812,3
CA2018_110_06,Polymastia invaginata,0.012,0.812,2
CA2018_110_06,Rossella podagrosa,0.425,28.755,NA
CA2018_110_06,Spikey,0.015,1.015,4
CA2018_110_06,Staghorn,0.005,0.338,1
CA2018_110_07,Basketball,0.016,1.006,3
CA2018_110_07,Finger,0.158,9.931,6
CA2018_110_07,Leucascus leptoraphis,0.028,1.76,1
CA2018_110_07,Rossella podagrosa,0.449,28.221,NA
CA2018_110_07,Sphaerotylus antarcticus,0.012,0.754,1
CA2018_110_07,Spikey,0.021,1.32,4
CA2018_110_08,Basketball,0.02,1.747,2
CA2018_110_08,Finger,0.135,11.79,10
CA2018_110_08,Rossella podagrosa,0.392,34.236,NA
CA2018_110_08,Spikey,0.008,0.699,3
CA2018_130_01,Basketball,0.039,1.666,2
CA2018_130_01,Bryozoa,0.137,5.852,NA
CA2018_130_01,Finger,0.099,4.229,8
CA2018_130_01,Mycale acerata,0.014,0.598,1
CA2018_130_01,Polymastia invaginata,0.013,0.555,2
CA2018_130_01,Rossella podagrosa,0.744,31.781,NA
CA2018_130_01,Spikey,0.014,0.598,3
CA2018_130_01,Volcano,0.092,3.93,2
CA2018_130_02,Basketball,0.012,0.624,3
CA2018_130_02,Finger,0.072,3.744,3
CA2018_130_02,Isodictya erinacea,0.012,0.624,4
CA2018_130_02,Rossella podagrosa,0.571,29.693,NA
CA2018_130_02,Spikey,0.012,0.624,4
CA2018_130_02,Staghorn,0.031,1.612,1
CA2018_130_03,Basketball,0.044,3.589,4
CA2018_130_03,Finger,0.068,5.546,7
CA2018_130_03,Isodictya erinacea,0.014,1.142,3
CA2018_130_03,Kirkpatrickia coulmani,0.01,0.816,1
CA2018_130_03,Rossella podagrosa,0.564,46.003,NA
CA2018_130_03,Spikey,0.011,0.897,4
CA2018_130_04,Bryozoa,0.355,10.38,NA
CA2018_130_04,Finger,0.292,8.538,17
CA2018_130_04,Rossella podagrosa,0.658,19.24,NA
CA2018_130_04,Volcano,0.232,6.784,2
CA2018_130_05,Basketball,0.04,1.089,2
CA2018_130_05,Finger,0.188,5.118,9
CA2018_130_05,Kirkpatrickia coulmani,0.012,0.327,1
CA2018_130_05,Rossella podagrosa,1.373,37.381,NA
CA2018_130_05,Spikey,0.036,0.98,5
CA2018_130_05,Volcano,0.258,7.024,1
CA2018_130_06,Basketball,0.028,2.632,3
CA2018_130_06,Bryozoa,0.063,5.921,NA
CA2018_130_06,Fan,0.038,3.571,2
CA2018_130_06,Finger,0.028,2.632,5
CA2018_130_06,Rossella podagrosa,0.639,60.056,NA
CA2018_130_06,Spikey,0.004,0.414,3
CA2018_130_07,Basketball,0.019,1.068,1
CA2018_130_07,Bryozoa,0.261,14.671,NA
CA2018_130_07,Finger,0.084,4.722,7
CA2018_130_07,Rossella podagrosa,0.726,40.809,NA
CA2018_130_07,Spikey,0.012,0.675,3
CA2018_130_07,Volcano,0.034,1.911,1
CA2018_130_08,Basketball,0.011,0.527,1
CA2018_130_08,Bryozoa,0.449,21.524,NA
CA2018_130_08,Dendrilla antarctica,0.003,0.144,1
CA2018_130_08,Finger,0.081,3.883,4
CA2018_130_08,Polymastia invaginata,0.014,0.671,1
CA2018_130_08,Rossella podagrosa,0.626,30.01,NA
CA2018_130_08,Spikey,0.008,0.384,3
CA2018_130_08,Volcano,0.061,2.924,2
CA2018_140_01,Basketball,0.017,0.683,1
CA2018_140_01,Bryozoa,0.191,7.674,NA
CA2018_140_01,Finger,0.025,1.004,3
CA2018_140_01,Hydrozoa,0.162,6.509,NA
CA2018_140_01,Polymastia invaginata,0.008,0.321,1
CA2018_140_01,Rossella podagrosa,0.687,27.601,NA
CA2018_140_01,Sphaerotylus antarcticus,0.029,1.165,1
CA2018_140_01,Spikey,0.042,1.687,6
CA2018_140_01,Volcano,0.039,1.567,3
CA2018_140_02,Basketball,0.061,2.101,6
CA2018_140_02,Bryozoa,0.246,8.471,NA
CA2018_140_02,Fan,0.005,0.172,1
CA2018_140_02,Finger,0.133,4.58,14
CA2018_140_02,Rossella podagrosa,1.004,34.573,NA
CA2018_140_02,Spikey,0.046,1.584,10
CA2018_140_03,Basketball,0.078,2.608,6
CA2018_140_03,Bryozoa,0.243,8.124,NA
CA2018_140_03,Finger,0.042,1.404,7
CA2018_140_03,Mycale acerata,0.006,0.201,1
CA2018_140_03,Polymastia invaginata,0.019,0.635,2
CA2018_140_03,Rossella podagrosa,0.822,27.482,NA
CA2018_140_03,Sphaerotylus antarcticus,0.029,0.97,1
CA2018_140_03,Spikey,0.033,1.103,7
CA2018_140_04,Basketball,0.045,1.429,3
CA2018_140_04,Bryozoa,0.152,4.827,NA
CA2018_140_04,Finger,0.016,0.508,2
CA2018_140_04,Rossella podagrosa,1.077,34.201,NA
CA2018_140_04,Spikey,0.037,1.175,8
CA2018_140_05,Basketball,0.074,1.628,8
CA2018_140_05,Bryozoa,0.143,3.146,NA
CA2018_140_05,Finger,0.214,4.707,7
CA2018_140_05,Rossella podagrosa,2,43.995,NA
CA2018_140_05,Spikey,0.021,0.462,4
CA2018_140_05,Volcano,0.12,2.64,1
CA2018_140_06,Basketball,0.01,0.32,1
CA2018_140_06,Bryozoa,0.123,3.932,NA
CA2018_140_06,Finger,0.116,3.708,3
CA2018_140_06,Mycale acerata,0.003,0.091,2
CA2018_140_06,Polymastia invaginata,0.005,0.16,1
CA2018_140_06,Rossella podagrosa,1.37,43.798,NA
CA2018_140_06,Spikey,0.005,0.156,3
CA2018_140_06,Volcano,0.229,7.321,3
CA2018_140_07,Basketball,0.037,1.878,4
CA2018_140_07,Bryozoa,0.233,11.827,NA
CA2018_140_07,Finger,0.013,0.66,1
CA2018_140_07,Isodictya erinacea,0.005,0.254,1
CA2018_140_07,Polymastia invaginata,0.07,3.553,2
CA2018_140_07,Rossella podagrosa,0.297,15.076,NA
CA2018_140_07,Spikey,0.018,0.926,9
CA2018_140_07,Volcano,0.051,2.589,1
CA2018_140_08,Basketball,0.069,1.938,4
CA2018_140_08,Bryozoa,0.046,1.292,NA
CA2018_140_08,Finger,0.042,1.18,5
CA2018_140_08,Polymastia invaginata,0.035,0.983,4
CA2018_140_08,Rossella podagrosa,0.285,8.006,NA
CA2018_140_08,Sphaerotylus antarcticus,0.043,1.208,3
CA2018_140_08,Spikey,0.039,1.096,10
CA2018_140_08,Volcano,0.056,1.573,2
CA2018_140_09,Basketball,0.034,1.39,4
CA2018_140_09,Bryozoa,0.164,6.705,NA
CA2018_140_09,Finger,0.03,1.226,9
CA2018_140_09,Isodictya erinacea,0.002,0.082,1
CA2018_140_09,Mycale acerata,0.016,0.654,1
CA2018_140_09,Polymastia invaginata,0.007,0.286,1
CA2018_140_09,Rossella podagrosa,0.432,17.661,NA
CA2018_140_09,Sphaerotylus antarcticus,0.012,0.491,1
CA2018_140_09,Spikey,0.049,1.988,15
CA2018_140_09,Volcano,0.052,2.126,3
CA2018_140_10,Basketball,0.01,0.463,4
CA2018_140_10,Bryozoa,0.348,16.119,NA
CA2018_140_10,Finger,0.017,0.787,3
CA2018_140_10,Leucascus leptoraphis,0.032,1.482,1
CA2018_140_10,Polymastia invaginata,0.007,0.324,2
CA2018_140_10,Rossella podagrosa,0.411,19.037,NA
CA2018_140_10,Spikey,0.079,3.647,15
CA2018_140_11,Basketball,0.032,1.575,5
CA2018_140_11,Bryozoa,0.325,15.994,NA
CA2018_140_11,Finger,0.022,1.083,5
CA2018_140_11,Hydrozoa,0.206,10.138,NA
CA2018_140_11,Rossella podagrosa,0.214,10.531,NA
CA2018_140_11,Spikey,0.025,1.23,8
CA2018_150_01,Basketball,0.187,7.406,10
CA2018_150_01,Bryozoa,0.168,6.643,NA
CA2018_150_01,Bryozoa and Hydrozoa patch,1.193,47.297,NA
CA2018_150_01,Finger,0.017,0.666,1
CA2018_150_01,Polymastia invaginata,0.005,0.202,4
CA2018_150_01,Rossella podagrosa,0.128,5.064,NA
CA2018_150_01,Spikey,0.055,2.165,17
CA2018_150_02,Basketball,0.015,1.063,3
CA2018_150_02,Bryozoa,0.032,2.317,NA
CA2018_150_02,Bryozoa and Hydrozoa patch,0.298,21.343,NA
CA2018_150_02,Finger,0.004,0.274,1
CA2018_150_02,Polymastia invaginata,0.05,3.61,5
CA2018_150_02,Rossella podagrosa,0.146,10.431,NA
CA2018_150_02,Spikey,0.037,2.66,3
CA2018_150_02,Staghorn,0.096,6.89,3
CA2018_150_03,Bryozoa,0.32,32.677,NA
CA2018_150_03,Finger,0.008,0.846,2
CA2018_150_03,Mycale acerata,0.005,0.496,1
CA2018_150_03,Polymastia invaginata,0.001,0.06,1
CA2018_150_03,Rossella podagrosa,0.105,10.686,NA
CA2018_150_03,Spikey,0.024,2.412,9
CA2018_150_03,Staghorn,0.051,5.189,2
CA2018_150_04,Basketball,0.005,0.295,2
CA2018_150_04,Bryozoa,0.023,1.358,NA
CA2018_150_04,Finger,0.127,7.497,3
CA2018_150_04,Rossella podagrosa,0.372,21.96,NA
CA2018_150_04,Spikey,0.022,1.299,6
CA2018_150_04,Staghorn,0.02,1.181,1
CA2018_150_05,Basketball,0.036,1.731,3
CA2018_150_05,Finger,0.139,6.683,7
CA2018_150_05,Polymastia invaginata,0.062,2.981,5
CA2018_150_05,Rossella podagrosa,0.164,7.885,NA
CA2018_150_05,Spikey,0.017,0.817,4
CA2018_150_05,Volcano,0.1,4.808,3
CA2018_150_06,Basketball,0.026,1.201,2
CA2018_150_06,Bryozoa,0.069,3.187,NA
CA2018_150_06,Finger,0.143,6.605,10
CA2018_150_06,Spikey,0.019,0.878,3
CA2018_150_06,Volcano,0.034,1.57,1
CA2018_150_07,Basketball,0.031,0.925,5
CA2018_150_07,Bryozoa,0.686,20.478,NA
CA2018_150_07,Finger,0.079,2.358,4
CA2018_150_07,Leucascus leptoraphis,0.05,1.493,1
CA2018_150_07,Polymastia invaginata,0.047,1.403,3
CA2018_150_07,Rossella podagrosa,0.067,2,NA
CA2018_150_07,Spikey,0.012,0.358,2
CA2018_150_07,Volcano,0.151,4.507,1
CA2018_150_08,Basketball,0.015,0.539,2
CA2018_150_08,Bryozoa,1.02,36.664,NA
CA2018_150_08,Finger,0.069,2.48,4
CA2018_150_08,Polymastia invaginata,0.032,1.15,3
CA2018_150_08,Rossella podagrosa,0.128,4.601,NA
CA2018_150_08,Spikey,0.028,1.006,8
CA2018_150_08,Volcano,0.151,5.428,2
CA2018_150_09,Basketball,0.154,6.462,4
CA2018_150_09,Bryozoa,0.659,27.654,NA
CA2018_150_09,Finger,0.03,1.259,2
CA2018_150_09,Polymastia invaginata,0.034,1.427,3
CA2018_150_09,Spikey,0.024,1.007,4
CA2018_150_10,Basketball,0.051,3.238,4
CA2018_150_10,Bryozoa,0.189,12,NA
CA2018_150_10,Finger,0.114,7.238,1
CA2018_150_10,Hydrozoa,0.031,1.968,NA
CA2018_150_10,Isodictya erinacea,0.002,0.127,1
CA2018_150_10,Polymastia invaginata,0.008,0.508,2
CA2018_150_10,Rossella podagrosa,0.196,12.444,NA
CA2018_150_10,Volcano,0.192,12.19,1
CA2018_160_01,Basketball,0.048,4.672,14
CA2018_160_01,Bryozoa,0.472,46.106,NA
CA2018_160_01,Finger,0.005,0.526,2
CA2018_160_01,Polymastia invaginata,0.011,1.027,3
CA2018_160_01,Rossella podagrosa,0.012,1.179,NA
CA2018_160_01,Sphaerotylus antarcticus,0.005,0.45,1
CA2018_160_01,Spikey,0.025,2.424,17
CA2018_160_01,Volcano,0.018,1.807,1
CA2018_160_02,Basketball,0.015,0.926,4
CA2018_160_02,Bryozoa,0.078,4.958,NA
CA2018_160_02,Fan,0.088,5.61,1
CA2018_160_02,Polymastia invaginata,0.031,1.963,8
CA2018_160_02,Rossella podagrosa,0.156,9.91,NA
CA2018_160_02,Sphaerotylus antarcticus,0.01,0.637,2
CA2018_160_02,Spikey,0.03,1.939,4
CA2018_160_02,Volcano,0.006,0.397,1
CA2018_160_03,Basketball,0.001,0.179,1
CA2018_160_03,Bryozoa,0.017,2.503,NA
CA2018_160_03,Finger,0.038,5.532,2
CA2018_160_03,Polymastia invaginata,0.001,0.072,2
CA2018_160_03,Rossella podagrosa,0.027,3.831,NA
CA2018_160_03,Sphaerotylus antarcticus,0.002,0.35,2
CA2018_160_03,Spikey,0.013,1.909,6
CA2018_160_03,Volcano,0.004,0.586,1
CA2018_160_04,Basketball,0.013,0.685,1
CA2018_160_04,Bryozoa,0.425,22.392,NA
CA2018_160_04,Polymastia invaginata,0.015,0.79,2
CA2018_160_04,Rossella podagrosa,0.314,16.544,NA
CA2018_160_04,Spikey,0.023,1.212,5
CA2018_160_04,Volcano,0.071,3.741,3
CA2018_160_05,Basketball,0.033,1.851,2
CA2018_160_05,Bryozoa,0.889,49.86,NA
CA2018_160_05,Finger,0.065,3.646,2
CA2018_160_05,Isodictya erinacea,0.01,0.561,1
CA2018_160_05,Polymastia invaginata,0.012,0.673,2
CA2018_160_05,Rossella podagrosa,0.028,1.57,NA
CA2018_160_05,Spikey,0.011,0.617,7
CA2018_160_05,Volcano,0.027,1.514,1
CA2018_160_06,Basketball,0.019,0.967,4
CA2018_160_06,Bryozoa,0.847,43.66,NA
CA2018_160_06,Dendrilla antarctica,0.093,4.794,1
CA2018_160_06,Fan,0.004,0.206,1
CA2018_160_06,Rossella podagrosa,1.052,54.227,NA
CA2018_160_06,Spikey,0.007,0.361,3
CA2018_160_06,Staghorn,0.023,1.186,1
CA2018_160_07,Basketball,0.007,0.494,2
CA2018_160_07,Bryozoa,0.598,44.962,NA
CA2018_160_07,Fan,0.002,0.15,1
CA2018_160_07,Finger,0.005,0.376,2
CA2018_160_07,Leucascus leptoraphis,0.042,3.158,1
CA2018_160_07,Mycale acerata,0.105,7.895,1
CA2018_160_07,Polymastia invaginata,0.01,0.752,3
CA2018_160_07,Spikey,0.023,1.728,6
CA2018_160_07,Volcano,0.075,5.639,1
CA2018_160_08,Basketball,0.001,0.105,1
CA2018_160_08,Bryozoa,0.408,42.993,NA
CA2018_160_08,Finger,0.003,0.316,1
CA2018_160_08,Rossella podagrosa,0.108,11.38,NA
CA2018_160_08,Spikey,0.002,0.178,2
CA2018_160_08,Staghorn,0.046,4.847,1
CA2018_160_09,Basketball,0.042,2.715,8
CA2018_160_09,Bryozoa,0.548,35.423,NA
CA2018_160_09,Fan,0.007,0.452,1
CA2018_160_09,Leucascus leptoraphis,0.021,1.357,1
CA2018_160_09,Polymastia invaginata,0.008,0.517,1
CA2018_160_09,Spikey,0.01,0.646,2
CA2018_160_09,Volcano,0.134,8.662,2
CA2018_160_10,Basketball,0.014,0.847,2
CA2018_160_10,Bryozoa,0.639,38.657,NA
CA2018_160_10,Finger,0.093,5.626,3
CA2018_160_10,Rossella podagrosa,0.052,3.146,NA
CA2018_160_10,Spikey,0.007,0.423,3
CA2018_160_10,Volcano,0.045,2.722,1
CA2018_170_01,Basketball,0.004,0.243,3
CA2018_170_01,Bryozoa,0.499,29.086,NA
CA2018_170_01,Finger,0.013,0.782,1
CA2018_170_01,Polymastia invaginata,0.024,1.413,5
CA2018_170_01,Rossella podagrosa,0.051,3.001,NA
CA2018_170_01,Spikey,0.034,1.99,16
CA2018_170_02,Basketball,0.018,0.782,2
CA2018_170_02,Bryozoa,0.121,5.337,NA
CA2018_170_02,Bryozoa and Hydrozoa patch,0.071,3.127,NA
CA2018_170_02,Fan,0.008,0.355,1
CA2018_170_02,Hydrozoa,0.081,3.566,NA
CA2018_170_02,Polymastia invaginata,0.001,0.058,1
CA2018_170_02,Rossella podagrosa,0.238,10.503,NA
CA2018_170_02,Spikey,0.096,4.244,19
CA2018_170_02,Staghorn,0.042,1.87,1
CA2018_170_03,Basketball,0.071,2.797,8
CA2018_170_03,Bryozoa,0.704,27.793,NA
CA2018_170_03,Polymastia invaginata,0.055,2.183,11
CA2018_170_03,Spikey,0.01,0.404,5
CA2018_170_04,Basketball,0.015,0.484,2
CA2018_170_04,Bryozoa,0.154,4.968,NA
CA2018_170_04,Hydrozoa,0.285,9.194,NA
CA2018_170_04,Rossella podagrosa,0.252,8.129,NA
CA2018_170_04,Spikey,0.002,0.065,1
CA2018_170_04,Staghorn,0.014,0.452,1
CA2018_180_01,Basketball,0.023,0.815,5
CA2018_180_01,Bryozoa,1.409,49.709,NA
CA2018_180_01,Finger,0.02,0.715,3
CA2018_180_01,Polymastia invaginata,0.01,0.344,3
CA2018_180_01,Rossella podagrosa,0.311,10.961,NA
CA2018_180_01,Spikey,0.005,0.19,1
CA2018_180_02,Basketball,0.028,1.342,3
CA2018_180_02,Bryozoa,1.295,61.258,NA
CA2018_180_02,Finger,0.014,0.647,2
CA2018_180_02,Polymastia invaginata,0.025,1.182,2
CA2018_180_02,Rossella podagrosa,0.122,5.773,NA
CA2018_180_02,Spikey,0.021,0.981,4
CA2018_180_03,Basketball,0.001,0.045,1
CA2018_180_03,Bryozoa,1.58,72.672,NA
CA2018_180_03,Polymastia invaginata,0.033,1.529,2
CA2018_180_03,Staghorn,0.157,7.217,11
CA2018_180_04,Basketball,0.017,0.966,2
CA2018_180_04,Bryozoa,1.087,61.796,NA
CA2018_180_04,Finger,0.085,4.832,2
CA2018_180_04,Polymastia invaginata,0.019,1.08,1
CA2018_180_04,Spikey,0.066,3.752,4
CA2018_180_04,Volcano,0.025,1.421,2
CA2018_180_05,Basketball,0.072,1.913,5
CA2018_180_05,Bryozoa,0.877,23.306,NA
CA2018_180_05,Finger,0.135,3.588,8
CA2018_180_05,Kirkpatrickia variolosa,0.04,1.063,1
CA2018_180_05,Rossella podagrosa,0.229,6.086,NA
CA2018_180_05,Spikey,0.058,1.541,5
CA2018_180_05,Staghorn,0.079,2.099,1
CA2018_180_05,Volcano,0.048,1.276,3
CA2018_180_06,Basketball,0.018,0.983,3
CA2018_180_06,Bryozoa,0.781,42.631,NA
CA2018_180_06,Dendrilla antarctica,0.016,0.873,1
CA2018_180_06,Finger,0.032,1.747,2
CA2018_180_06,Kirkpatrickia variolosa,0.013,0.71,1
CA2018_180_06,Polymastia invaginata,0.031,1.692,1
CA2018_180_06,Rossella podagrosa,0.058,3.166,NA
CA2018_180_06,Sphaerotylus antarcticus,0.023,1.255,1
CA2018_180_06,Spikey,0.016,0.854,5
CA2018_180_07,Bryozoa,0.895,39.884,NA
CA2018_180_07,Finger,0.053,2.362,3
CA2018_180_07,Pink Microxina sp,0.01,0.446,1
CA2018_180_07,Polymastia invaginata,0.062,2.763,5
CA2018_180_07,Rossella podagrosa,0.01,0.446,NA
CA2018_180_07,Spikey,0.005,0.222,3
CA2018_190_01,Basketball,0.012,0.755,1
CA2018_190_01,Bryozoa,0.712,43.454,NA
CA2018_190_01,Polymastia invaginata,0.003,0.201,3
CA2018_190_01,Rossella podagrosa,0.094,5.719,NA
CA2018_190_01,Spikey,0.01,0.614,3
CA2018_190_02,Bryozoa,0.47,21.832,NA
CA2018_190_02,Isodictya erinacea,0.009,0.423,2
CA2018_190_02,Polymastia invaginata,0.014,0.628,2
CA2018_190_02,Spikey,0.061,2.83,16
CA2018_190_02,Volcano,0.381,17.716,3
CA2018_190_03,Basketball,0.075,3.725,4
CA2018_190_03,Bryozoa,0.677,33.637,NA
CA2018_190_03,Finger,0.004,0.215,1
CA2018_190_03,Mycale acerata,0,0.004,1
CA2018_190_03,Polymastia invaginata,0.012,0.617,3
CA2018_190_03,Rossella podagrosa,0.074,3.674,NA
CA2018_190_03,Spikey,0.001,0.046,1
CA2018_190_03,Volcano,0.004,0.192,1
CA2018_190_04,Basketball,0.009,0.221,1
CA2018_190_04,Bryozoa,1.965,48.209,NA
CA2018_190_04,Finger,0.147,3.606,2
CA2018_190_04,Polymastia invaginata,0.131,3.214,8
CA2018_190_04,Sphaerotylus antarcticus,0.045,1.104,1
CA2018_190_04,Spikey,0.042,1.03,4
CA2018_190_04,Staghorn,0.016,0.393,2
CA2018_190_05,Basketball,0.015,0.536,2
CA2018_190_05,Bryozoa,1.098,39.2,NA
CA2018_190_05,Dendrilla antarctica,0.003,0.107,1
CA2018_190_05,Fan,0.028,1,1
CA2018_190_05,Finger,0.045,1.607,5
CA2018_190_05,Polymastia invaginata,0.068,2.428,4
CA2018_190_05,Rossella podagrosa,0.151,5.391,NA
CA2018_190_06,Bryozoa,0.983,42.189,NA
CA2018_190_06,Polymastia invaginata,0.021,0.901,1
CA2018_190_06,Spikey,0.011,0.472,2
CA2018_190_06,Volcano,0.07,3.004,1
CA2018_190_07,Bryozoa,0.477,27.716,NA
CA2018_190_07,Finger,0.025,1.453,4
CA2018_190_07,Mycale acerata,0.215,12.493,2
CA2018_190_07,Polymastia invaginata,0.015,0.872,3
CA2018_190_07,Rossella podagrosa,0.046,2.673,NA
CA2018_190_07,Spikey,0.009,0.519,3
CA2018_190_07,Volcano,0.087,5.055,3
CA2018_190_08,Basketball,0.025,1.654,4
CA2018_190_08,Bryozoa,0.776,51.63,NA
CA2018_190_08,Finger,0.14,9.315,1
CA2018_190_09,Basketball,0.022,0.736,4
CA2018_190_09,Bryozoa,1.517,50.77,NA
CA2018_190_09,Finger,0.101,3.38,5
CA2018_190_09,Leucascus leptoraphis,0.127,4.25,1
CA2018_190_09,Polymastia invaginata,0.055,1.841,3
CA2018_190_09,Staghorn,0.011,0.368,1
CA2018_200_01,Basketball,0.048,2.459,8
CA2018_200_01,Bryozoa,0.716,36.939,NA
CA2018_200_01,Finger,0.004,0.221,2
CA2018_200_01,Isodictya setifera,0.007,0.355,1
CA2018_200_01,Polymastia invaginata,0.04,2.042,2
CA2018_200_02,Basketball,0.043,1.031,9
CA2018_200_02,Bryozoa,2.417,58.626,NA
CA2018_200_02,Leucascus leptoraphis,0.125,3.02,2
CA2018_200_02,Polymastia invaginata,0.02,0.492,1
CA2018_200_02,Rossella podagrosa,0.081,1.965,NA
CA2018_200_03,Basketball,0.026,0.873,4
CA2018_200_03,Bryozoa,0.337,11.227,NA
CA2018_200_03,Bryozoa and Hydrozoa patch,0.688,22.88,NA
CA2018_200_03,Finger,0.084,2.802,1
CA2018_200_03,Mycale acerata,0.354,11.765,2
CA2018_200_03,Polymastia invaginata,0.092,3.07,5
CA2018_200_03,Sphaerotylus antarcticus,0.02,0.66,2
CA2018_200_03,Spikey,0.028,0.938,5
CA2018_200_04,Bryozoa,1.272,35.973,NA
CA2018_200_04,Polymastia invaginata,0.075,2.121,2
CA2018_200_04,Rossella podagrosa,0.016,0.452,NA
CA2018_200_04,Spikey,0.018,0.509,4
CA2018_200_04,Staghorn,0.016,0.452,2
CA2018_200_04,Volcano,0.097,2.743,2
CA2018_200_05,Basketball,0.014,0.399,3
CA2018_200_05,Bryozoa,0.898,25.577,NA
CA2018_200_05,Finger,0.052,1.481,2
CA2018_200_05,Mycale acerata,0.106,3.019,1
CA2018_200_05,Polymastia invaginata,0.052,1.481,3
CA2018_200_05,Rossella podagrosa,0.084,2.392,NA
CA2018_200_05,Spikey,0.022,0.627,5
CA2018_200_05,Volcano,0.296,8.431,2
CA2018_200_06,Basketball,0.067,1.584,3
CA2018_200_06,Bryozoa,2.177,51.454,NA
CA2018_200_06,Polymastia invaginata,0.123,2.907,5
CA2018_200_06,Sphaerotylus antarcticus,0.033,0.78,2
CA2018_200_06,Spikey,0.013,0.307,5
CA2018_200_06,Staghorn,0.123,2.907,2
CA2018_200_07,Basketball,0.072,1.207,3
CA2018_200_07,Finger,0.098,1.642,2
CA2018_200_07,Isodictya erinacea,0.013,0.218,1
CA2018_200_07,Leucascus leptoraphis,0.12,2.011,2
CA2018_200_07,Polymastia invaginata,0.06,1.006,3
CA2018_200_07,Spikey,0.038,0.637,4
CA2018_200_07,Volcano,0.252,4.223,2
CA2018_200_08,Basketball,0.006,0.143,1
CA2018_200_08,Bryozoa,2.117,50.561,NA
CA2018_200_08,Finger,0.007,0.167,1
CA2018_200_08,Leucascus leptoraphis,0.11,2.627,1
CA2018_200_08,Polymastia invaginata,0.027,0.645,1
CA2018_200_08,Rossella podagrosa,0.088,2.102,NA
CA2018_200_08,Volcano,0.011,0.263,1
CA2018_200_09,Bryozoa,2.069,56.763,NA
CA2018_200_09,Finger,0.207,5.679,2
CA2018_200_09,Polymastia invaginata,0.064,1.756,3
CA2018_200_09,Volcano,0.644,17.668,3
CA2018_200_10,Basketball,0.012,0.804,2
CA2018_200_10,Bryozoa,0.766,51.722,NA
CA2018_200_10,Finger,0.005,0.338,1
CA2018_200_10,Isodictya setifera,0.004,0.27,1
CA2018_200_10,Leucascus leptoraphis,0.01,0.675,1
CA2018_200_10,Mycale acerata,0.176,11.884,1
CA2018_200_10,Spikey,0.001,0.068,1
CA2018_200_10,Staghorn,0.003,0.203,1
CA2018_210_01,Basketball,0.009,1.294,2
CA2018_210_01,Bryozoa and Hydrozoa patch,0.32,44.902,NA
CA2018_210_01,Polymastia invaginata,0.001,0.111,1
CA2018_210_01,Staghorn,0.004,0.616,1
CA2018_210_02,Basketball,0.001,0.065,1
CA2018_210_02,Bryozoa,0.75,61.405,NA
CA2018_210_02,Finger,0.036,2.962,1
CA2018_210_02,Mycale acerata,0.01,0.794,1
CA2018_210_02,Polymastia invaginata,0.026,2.144,3
CA2018_210_02,Spikey,0.006,0.482,1
CA2018_210_03,Basketball,0.053,1.653,4
CA2018_210_03,Bryozoa,0.964,29.842,NA
CA2018_210_03,Finger,0.042,1.316,2
CA2018_210_03,Polymastia invaginata,0.079,2.433,5
CA2018_210_03,Rossella podagrosa,0.026,0.811,NA
CA2018_210_03,Sphaerotylus antarcticus,0.009,0.29,1
CA2018_210_03,Spikey,0.042,1.294,13
CA2018_220_01,Bryozoa,0.294,54.222,NA
CA2018_220_01,Finger,0.006,1.135,1
CA2018_220_01,Polymastia invaginata,0.023,4.32,4
CA2018_220_01,Rossella podagrosa,0.029,5.44,NA
CA2018_220_01,Spikey,0.007,1.304,1
CA2018_230_01,Basketball,0.005,0.857,2
CA2018_230_01,Bryozoa,0.151,24.226,NA
CA2018_230_01,Isodictya erinacea,0.01,1.685,1
CA2018_230_01,Polymastia invaginata,0.003,0.426,1
CA2018_230_01,Rossella podagrosa,0.009,1.514,NA
CA2018_230_01,Sphaerotylus antarcticus,0.002,0.312,1
CA2018_230_01,Spikey,0.003,0.52,5
CA2018_230_01,Volcano,0.07,11.234,1
CA2018_230_02,Basketball,0.009,0.832,4
CA2018_230_02,Bryozoa,0.577,53.844,NA
CA2018_230_02,Finger,0.005,0.421,1
CA2018_230_02,Polymastia invaginata,0.006,0.549,2
CA2018_230_02,Rossella podagrosa,0.007,0.649,NA
CA2018_230_02,Spikey,0.023,2.163,11
CA2018_230_02,Volcano,0.146,13.619,1
CA2018_230_03,Basketball,0.008,0.565,3
CA2018_230_03,Bryozoa,0.172,12.064,NA
CA2018_230_03,Bryozoa and Hydrozoa patch,0.009,0.668,NA
CA2018_230_03,Finger,0.095,6.707,5
CA2018_230_03,Rossella podagrosa,0.021,1.496,NA
CA2018_230_03,Spikey,0.002,0.13,1
CA2018_230_03,Volcano,0.302,21.225,6
CA2018_240_01,Basketball,0.003,0.171,4
CA2018_240_01,Bryozoa,0.735,37.739,NA
CA2018_240_01,Bryozoa and Hydrozoa patch,0.01,0.503,NA
CA2018_240_01,Finger,0.01,0.496,3
CA2018_240_01,Mycale acerata,0.023,1.174,1
CA2018_240_01,Polymastia invaginata,0.089,4.582,8
CA2018_240_01,Spikey,0.02,1.044,10
CA2018_240_02,Basketball,0.03,1.796,8
CA2018_240_02,Bryozoa,0.249,14.806,NA
CA2018_240_02,Finger,0.021,1.243,4
CA2018_240_02,Polymastia invaginata,0.003,0.195,2
CA2018_240_02,Spikey,0.002,0.12,2
CA2018_240_02,Staghorn,0.008,0.466,1
CA2018_240_02,Volcano,0.025,1.466,2
CA2018_240_03,Bryozoa,0.066,17.82,NA
CA2018_240_04,Bryozoa,0.294,11.094,NA
CA2018_240_04,Finger,0.089,3.358,4
CA2018_240_04,Polymastia invaginata,0.066,2.491,4
CA2018_240_04,Spikey,0.005,0.189,1
CA2018_240_04,Staghorn,0.011,0.415,1
CA2018_240_04,Volcano,0.141,5.321,2
CA2018_240_05,Basketball,0.012,0.57,4
CA2018_240_05,Bryozoa,0.789,37.464,NA
CA2018_240_05,Fan,0.024,1.14,3
CA2018_240_05,Polymastia invaginata,0.01,0.475,1
CA2018_240_05,Staghorn,0.009,0.427,1
CA2018_240_05,Volcano,0.085,4.036,2
CA2018_240_06,Basketball,0.016,0.426,3
CA2018_240_06,Bryozoa,1.368,36.431,NA
CA2018_240_06,Finger,0.062,1.651,3
CA2018_240_06,Leucascus leptoraphis,0.042,1.119,2
CA2018_240_06,Mycale acerata,0.142,3.782,2
CA2018_240_06,Spikey,0.035,0.932,4
CA2018_240_06,Staghorn,0.102,2.716,2
CA2018_240_06,Volcano,0.146,3.888,4
CA2018_250_01,Bryozoa and Hydrozoa patch,0.24,43.318,NA
CA2018_250_01,Polymastia invaginata,0.012,2.239,1
CA2018_250_01,Rossella podagrosa,0.026,4.769,NA
CA2018_250_01,Volcano,0.063,11.365,2
CA2018_260_01,Basketball,0.009,0.956,7
CA2018_260_01,Bryozoa,0.195,20.018,NA
CA2018_260_01,Bryozoa and Hydrozoa patch,0.027,2.729,NA
CA2018_260_01,Finger,0.001,0.119,1
CA2018_260_01,Hydrozoa,0.056,5.771,NA
CA2018_260_01,Polymastia invaginata,0.016,1.654,4
CA2018_260_01,Spikey,0.003,0.347,2
CA2018_260_01,Volcano,0.071,7.253,1
CA2018_260_02,Basketball,0.014,0.977,4
CA2018_260_02,Bryozoa,0.239,16.457,NA
CA2018_260_02,Bryozoa and Hydrozoa patch,0.061,4.233,NA
CA2018_260_02,Polymastia invaginata,0.02,1.378,6
CA2018_260_02,Rossella podagrosa,0.013,0.921,NA
CA2018_260_02,Sphaerotylus antarcticus,0.001,0.055,1
CA2018_260_02,Spikey,0.019,1.308,5
CA2018_260_02,Volcano,0.139,9.605,3
CA2018_260_03,Basketball,0.006,0.293,3
CA2018_260_03,Bryozoa,0.386,19.75,NA
CA2018_260_03,Dendrilla antarctica,0.012,0.592,4
CA2018_260_03,Finger,0.009,0.461,3
CA2018_260_03,Polymastia invaginata,0.024,1.207,3
CA2018_260_03,Rossella podagrosa,0.008,0.431,NA
CA2018_260_03,Sphaerotylus antarcticus,0.004,0.192,1
CA2018_260_03,Spikey,0.026,1.308,10
CA2018_270_01,Bryozoa,0.015,0.481,NA
CA2018_270_01,Bryozoa and Hydrozoa patch,1.687,53.669,NA
CA2018_270_01,Finger,0.073,2.318,5
CA2018_270_01,Hydrozoa,0.088,2.807,NA
CA2018_270_01,Polymastia invaginata,0.084,2.683,5
CA2018_270_01,Rossella podagrosa,0.077,2.447,NA
CA2018_270_01,Spikey,0.037,1.191,6
CA2018_270_01,Volcano,0.578,18.38,5
CA2018_270_02,Basketball,0.027,0.948,4
CA2018_270_02,Bryozoa,0.194,6.919,NA
CA2018_270_02,Bryozoa and Hydrozoa patch,0.931,33.286,NA
CA2018_270_02,Polymastia invaginata,0.075,2.696,3
CA2018_270_02,Spikey,0.018,0.629,5
CA2018_270_02,Staghorn,0.068,2.416,1
CA2018_270_03,Basketball,0.052,6.369,4
CA2018_270_03,Bryozoa,0.098,12.011,NA
CA2018_270_03,Bryozoa and Hydrozoa patch,0.169,20.651,NA
CA2018_270_03,Finger,0.024,2.92,2
CA2018_270_03,Polymastia invaginata,0.002,0.248,2
CA2018_270_03,Rossella podagrosa,0.032,3.967,NA
CA2018_270_03,Spikey,0.013,1.636,4
CA2018_280_01,Basketball,0.002,0.171,1
CA2018_280_01,Bryozoa,0.57,50.062,NA
CA2018_280_01,Fan,0.005,0.449,1
CA2018_280_01,Polymastia invaginata,0.04,3.495,3
CA2018_280_01,Spikey,0.047,4.091,7
CA2018_280_02,Basketball,0.016,1.441,12
CA2018_280_02,Bryozoa,0.041,3.599,NA
CA2018_280_02,Bryozoa and Hydrozoa patch,0.515,45.49,NA
CA2018_280_02,Polymastia invaginata,0.025,2.225,2
CA2018_280_02,Volcano,0.081,7.189,1
CA2018_280_03,Basketball,0.015,0.519,1
CA2018_280_03,Bryozoa,0.39,13.9,NA
CA2018_280_03,Bryozoa and Hydrozoa patch,1.13,40.252,NA
CA2018_280_03,Polymastia invaginata,0.069,2.454,5
CA2018_280_03,Rossella podagrosa,0.078,2.785,NA
CA2018_280_03,Spikey,0.025,0.895,4
CA2018_290_01,Basketball,0.01,1.542,5
CA2018_290_01,Bryozoa,0.545,81.164,NA
CA2018_290_01,Sphaerotylus antarcticus,0.002,0.254,1
CA2018_290_01,Spikey,0.001,0.143,1
CA2018_290_02,Basketball,0.018,0.404,1
CA2018_290_02,Bryozoa,0.263,5.897,NA
CA2018_290_02,Finger,0.057,1.268,2
CA2018_290_02,Polymastia invaginata,0.037,0.828,3
CA2018_290_02,Sphaerotylus antarcticus,0.005,0.116,1
CA2018_290_02,Spikey,0.045,1.016,10
CA2018_290_02,Staghorn,0.014,0.308,2
CA2018_290_02,Volcano,0.067,1.501,1
CA2018_290_03,Bryozoa and Hydrozoa patch,1.872,48.165,NA
CA2018_290_03,Polymastia invaginata,0.052,1.328,3
CA2018_290_03,Rossella podagrosa,0.022,0.574,NA
CA2018_290_03,Spikey,0.08,2.055,15
CA2018_290_03,Staghorn,0.078,1.995,3
CA2018_290_03,Volcano,0.352,9.066,4
CA2018_300_01,Basketball,0.003,0.411,2
CA2018_300_01,Bryozoa,0.179,21.96,NA
CA2018_300_01,Finger,0.002,0.252,3
CA2018_300_01,Polymastia invaginata,0.009,1.122,2
CA2018_300_01,Sphaerotylus antarcticus,0.001,0.122,1
CA2018_300_01,Spikey,0.004,0.489,3
CA2018_300_02,Basketball,0.009,0.618,1
CA2018_300_02,Bryozoa,0.561,40,NA
CA2018_300_02,Polymastia invaginata,0.019,1.342,3
CA2018_300_02,Sphaerotylus antarcticus,0.008,0.559,2
CA2018_300_02,Spikey,0.04,2.851,6
CA2018_310_01,Basketball,0.011,0.55,1
CA2018_310_01,Bryozoa,0.623,30.773,NA
CA2018_310_01,Finger,0.011,0.539,1
CA2018_310_01,Polymastia invaginata,0.015,0.734,1
CA2018_310_01,Sphaerotylus antarcticus,0.002,0.109,1
CA2018_310_01,Spikey,0.064,3.155,8
CA2018_310_01,Volcano,0.22,10.838,3
CA2018_310_02,Basketball,0.003,0.155,2
CA2018_310_02,Bryozoa,0.322,18.674,NA
CA2018_310_02,Finger,0.135,7.826,1
CA2018_310_02,Mycale acerata,0.049,2.851,1
CA2018_310_02,Polymastia invaginata,0.012,0.722,1
CA2018_310_02,Spikey,0.04,2.341,14
CA2018_310_03,Basketball,0.012,1.658,6
CA2018_310_03,Bryozoa,0.297,39.664,NA
CA2018_310_03,Sphaerotylus antarcticus,0.002,0.248,1
CA2018_310_03,Spikey,0.011,1.433,7
CA2018_320_01,Basketball,0.016,0.902,3
CA2018_320_01,Bryozoa,1.196,68.806,NA
CA2018_320_01,Fan,0.003,0.179,1
CA2018_320_01,Finger,0.038,2.158,1
CA2018_320_01,Mycale acerata,0.047,2.713,1
CA2018_320_01,Polymastia invaginata,0.003,0.178,3
CA2018_320_01,Rossella podagrosa,0.018,1.033,NA
CA2018_320_01,Spikey,0.08,4.595,10
CA2018_320_02,Basketball,0.007,0.453,2
CA2018_320_02,Bryozoa,0.745,48.056,NA
CA2018_320_02,Polymastia invaginata,0.001,0.035,1
CA2018_320_02,Rossella podagrosa,0.009,0.556,NA
CA2018_320_02,Spikey,0.036,2.336,9
CA2018_320_02,Volcano,0.037,2.405,2
CA2018_320_03,Basketball,0.01,1.388,4
CA2018_320_03,Bryozoa,0.095,13.893,NA
CA2018_320_03,Dendrilla antarctica,0.005,0.736,4
CA2018_320_03,Finger,0.004,0.642,1
CA2018_320_03,Leucascus leptoraphis,0.041,5.933,1
CA2018_320_03,Polymastia invaginata,0.008,1.14,4
CA2018_320_03,Rossella podagrosa,0.02,2.906,NA
CA2018_320_03,Spikey,0.011,1.661,2
CA2018_320_03,Staghorn,0.049,7.152,2
CA2018_330_01,Basketball,0.001,0.041,1
CA2018_330_01,Bryozoa,0.579,44.563,NA
CA2018_330_01,Finger,0.003,0.247,1
CA2018_330_01,Isodictya erinacea,0.015,1.168,1
CA2018_330_01,Polymastia invaginata,0.007,0.576,1
CA2018_330_01,Spikey,0.017,1.29,4
CA2018_330_01,Volcano,0.018,1.373,3
CA2018_330_02,Basketball,0.036,1.916,2
CA2018_330_02,Bryozoa,0.246,13.086,NA
CA2018_330_02,Polymastia invaginata,0.023,1.225,4
CA2018_330_02,Rossella podagrosa,0.002,0.087,NA
CA2018_330_02,Spikey,0.016,0.853,4
CA2018_330_02,Volcano,0.007,0.392,1
CA2018_330_03,Basketball,0.006,0.495,4
CA2018_330_03,Bryozoa,0.178,14.337,NA
CA2018_330_03,Finger,0.054,4.365,1
CA2018_330_03,Polymastia invaginata,0.028,2.212,1
CA2018_330_03,Spikey,0.053,4.229,7
CA2018_330_03,Volcano,0.04,3.236,1
